# Type, Name, Class_ID, Sizeof, Value, C_Type, C_Format, Hidden, Description, Min_Value, Max_Value, Permissions (Read|Write|Set-by-create), Mandatory (Mandatory|Optional), Operations (Create|Delete|Set|Get|get-Next|Test|Reboot|stArt-download|downLoad-section|End-download|activate-Image|coMmit-image|sYnchronize-time)
me, gal_eth_prof,272,,,,,, GAL Ethernet Profile,,,,, CDSG
    attribute, max_gem_payload_size,,2,, int, %u,, Max GEM payload Size,,, RWS, M,
me, gem_iw_tp,266,,,,,, GEM Interworking Termination Point,,,,, CDSG
    attribute, gem_port_net_ctp_conn_ptr,,2,, int, %u,, GEM port network CTP connectivity pointer,,, RWS, M,
    attribute, iw_opt,,1,, enum,,, Interworking option,,, RWS, M,
        value, circuit_emulated_tdm,,,0,,,,,,,,,
        value, mac_bridged_lan,,,1,,,,,,,,,
        value, reserved_2,,,2,,,,,,,,,
        value, reserved_3,,,3,,,,,,,,,
        value, video_return_path,,,4,,,,,,,,,
        value, ieee_8021_p_mapper,,,5,,,,,,,,,
        value, ds_broadcast,,,6,,,,,,,,,
        value, mpls_tw_tdm_svc,,,7,,,,,,,,,
    attribute, svc_prof_ptr,,2,, int, %u,, Service profile pointer,,, RWS, M,
    attribute, iw_tp_ptr,,2,, int, %u,, Interworking termination point pointer,,, RWS, M,
    attribute, pptp_count,,1,, int, %u,, PPTP Counter,,, R, O,
    attribute, oper_state,,1,, enum,,, Operational State,,, R, O,
        value, enabled,,,0,,,,,,,,,
        value, disabled,,,1,,,,,,,,,
    attribute, gal_prof_ptr,,2,, int, %u,, GAL Profile Pointer,,, RWS, M,
    attribute, gal_lpbk_config,,1,, enum,,, GAL Loopback Config,,, RW, M,
        value, no_loopback,,,0,,,,,,,,,
        value, loopback_ds,,,1,,,,,,,,,
me, gem_port_net_ctp,268,,,,,, GEM Port Network CTP,,,,, CDSG
    attribute, port_id,,2,, int, %u,, Port ID,,, RWS, M,
    attribute, tcont_ptr,,2,, int, %u,, TCONT Pointer,,, RWS, M,
    attribute, direction,,1,, enum,,, Direction,,, RWS, M,
        value, uni_to_ani,,,1,,,,,,,,,
        value, ani_to_uni,,,2,,,,,,,,,
        value, bidirectional,,,3,,,,,,,,,
    attribute, traffic_mgmt_ptr_us,,2,, int, %u,, Traffic Management Pointer for US,,, RWS, M,
    attribute, traffic_desc_prof_ptr_us,,2,, int, %u,, Traffic Descriptor Profile Pointer for US,,, RWS, O,
    attribute, uni_count,,1,, int, %u,, Uni counter,,, R, O,
    attribute, pri_queue_ptr_ds,,2,, int, %u,, Priority Queue Pointer for downstream,,, RWS, M,
    attribute, encryption_state,,1,, int, %u,, Encryption State,,, R, O,
    attribute, traffic_desc_prof_ptr_ds,,2,, int, %u,, Traffic Descriptor profile pointer for DS,,, RWS, O,
    attribute, encryption_key_ring,,1,, enum,,, Encryption Key Ring,,, RWS, O,
        value, no_encryption,,,0,,,,,,,,,
        value, unicast_encryption_both_dir,,,1,,,,,,,,,
        value, broadcast_encryption,,,2,,,,,,,,,
        value, unicast_encryption_ds,,,3,,,,,,,,,
me, ieee_8021_p_mapper_svc_prof,130,,,,,, IEEE 802.1p mapper service profile,,,,, CDSG
    attribute, tp_ptr,,2,, int, %u,, TP pointer,,, RWS, M,
    attribute, interwork_tp_ptr_pri_0,,2,, int, %u,, Interwork TP pointer for P-bit priority 0:,,, RWS, M,
    attribute, interwork_tp_ptr_pri_1,,2,, int, %u,, Interwork TP pointer for P-bit priority 1,,, RWS, M,
    attribute, interwork_tp_ptr_pri_2,,2,, int, %u,, Interwork TP pointer for P-bit priority 2,,, RWS, M,
    attribute, interwork_tp_ptr_pri_3,,2,, int, %u,, Interwork TP pointer for P-bit priority 3,,, RWS, M,
    attribute, interwork_tp_ptr_pri_4,,2,, int, %u,, Interwork TP pointer for P-bit priority 4,,, RWS, M,
    attribute, interwork_tp_ptr_pri_5,,2,, int, %u,, Interwork TP pointer for P-bit priority 5,,, RWS, M,
    attribute, interwork_tp_ptr_pri_6,,2,, int, %u,, Interwork TP pointer for P-bit priority 6,,, RWS, M,
    attribute, interwork_tp_ptr_pri_7,,2,, int, %u,, Interwork TP pointer for P-bit priority 7,,, RWS, M,
    attribute, unmarked_frame_opt,,1,, enum,,, Unmarked Frame option,,, RWS, M,
        value, derive_implied_pcp,,,0,,,,,,,,,
        value, set_implied_pcp,,,1,,,,,,,,,
    attribute, dscp_to_pbit_mapping,,24,, bytes,,, DSCP to P-bit mapping,,, RW, M,
    attribute, default_pbit_assumption,,1,, int, %u,, Default P-bit assumption,,, RWS, M,
    attribute, mapper_tp_type,,1,, enum,,, TP Type,,, RWS, O,
        value, bridging_mapping,,,0,,,,,,,,,
        value, pptp_eth_uni,,,1,,,,,,,,,
        value, ip_host_config_data,,,2,,,,,,,,,
        value, eth_flow_tp,,,3,,,,,,,,,
        value, pptp_xdsl_uni,,,4,,,,,,,,,
        value, reserved,,,5,,,,,,,,,
        value, pptp_moca_uni,,,6,,,,,,,,,
        value, virtual_eth_interface_point,,,7,,,,,,,,,
        value, interworking_vcc_tp,,,8,,,,,,,,,
me, mac_bridge_port_config_data,47,,,,,, MAC Bridge Port Configuration Data,,,,, CDSG
    attribute, bridge_id_ptr,,2,, int, %u,, Bridge Id Pointer,,, RWS, M,
    attribute, port_num,,1,, int, %u,, Port num,,, RWS, M,
    attribute, tp_type,,1,, enum,,, TP Type,,, RWS, M,
        value, phy_path_tp_eth_uni,,,1,,,,,,,,,
        value, interworking_vcc_tp,,,2,,,,,,,,,
        value, ieee_8021_p_mapper_svc_prof,,,3,,,,,,,,,
        value, ip_host_config_data,,,4,,,,,,,,,
        value, gem_interworking_tp,,,5,,,,,,,,,
        value, multicast_gem_interworking_tp,,,6,,,,,,,,,
        value, phy_path_tp_xdsl_uni_part_1,,,7,,,,,,,,,
        value, phy_path_tp_vdsl_uni,,,8,,,,,,,,,
        value, eth_flow_tp,,,9,,,,,,,,,
        value, reserved_tp,,,10,,,,,,,,,
        value, virtual_eth_interface_point,,,11,,,,,,,,,
        value, phy_path_to_moca_uni,,,12,,,,,,,,,
    attribute, tp_ptr,,2,, int, %u,, TP Pointer,,, RWS, M,
    attribute, port_pri,,2,, int, %u,, Port Priority,,, RWS, O,
    attribute, port_path_cost,,2,, int, %u,, Port Path Cost,,, RWS, M,
    attribute, port_spanning_tree_ind,,1,, int, %u,, Port Path Cost,,, RWS, M,
    attribute, deprecated_1,,1,, int, %u,, Deprecated 1,,, RWS, O,
    attribute, deprecated_2,,1,, int, %u,, Deprecated 2,,, RWS, O,
    attribute, port_mac_addr,,6,, bytes,,, Port MAC Addr,,, R, O,
    attribute, outbound_td_ptr,,2,, int, %u,, Outbound TD Pointer,,, RW, O,
    attribute, inbound_td_ptr,,2,, int, %u,, Inbound TD Pointer,,, RW, O,
    attribute, mac_learning_depth,,1,, int, %u,, MAC Learning Depth,,, RWS, O,
me, mac_bridge_svc_prof,45,,,,,, MAC Bridge Service Profile,,,,, CDSG
    attribute, spanning_tree_ind,,1,, int, %u,, Spanning Tree Indication (bool),,, RWS, M,
    attribute, learning_ind,,1,, int, %u,, Learning Indication (bool),,, RWS, M,
    attribute, port_bridging_ind,,1,, int, %u,, Port Bridging Indication (bool),,, RWS, M,
    attribute, pri,,2,, int, %u,, Priority,,, RWS, M,
    attribute, max_age,,2,, int, %u,, Max Age,,, RWS, M,
    attribute, hello_time,,2,, int, %u,, Hello Time,,, RWS, M,
    attribute, forward_delay,,2,, int, %u,, Forward Delay,,, RWS, M,
    attribute, unknown_mac_addr_discard,,1,, int, %u,, Unknown MAC Address Discard (Bool),,, RWS, M,
    attribute, mac_learning_depth,,1,, int, %u,, MAC Learning Depth,,, RWS, O,
    attribute, dynamic_filtering_ageing_time,,4,, int, %u,, Dynamic Filtering Ageing Time,,, RWS, O,
me, vlan_tag_filter_data,84,,,,,, VLAN Tagging Filter Data,,,,, CDSG
    attribute, vlan_filter_list,,24,, bytes,,, VLAN Filter List,,, RWS, M,
    attribute, forward_oper,,1,, enum,,, Forward Operation,,, RWS, M,
        value, tagged_bridging_a_no_investigation_untagged_bridging_a,,,0,,,,,,,,,
        value, tagged_discarding_c_untagged_bridging_a,,,1,,,,,,,,,
        value, tagged_bridging_a_no_investigation_untagged_discarding_c,,,2,,,,,,,,,
        value, tagged_action_h_vid_investigation_untagged_bridging_a,,,3,,,,,,,,,
        value, tagged_action_h_vid_investigation_untagged_discarding_c,,,4,,,,,,,,,
        value, tagged_action_g_vid_investigation_untagged_bridging_a,,,5,,,,,,,,,
        value, tagged_action_g_vid_investigation_untagged_discarding_c,,,6,,,,,,,,,
        value, tagged_action_h_pri_investigation_untagged_bridging_a,,,7,,,,,,,,,
        value, tagged_action_h_pri_investigation_untagged_discarding_c,,,8,,,,,,,,,
        value, tagged_action_g_pri_investigation_untagged_bridging_a,,,9,,,,,,,,,
        value, tagged_action_g_pri_investigation_untagged_discarding_c,,,10,,,,,,,,,
        value, tagged_action_h_tci_investigation_untagged_bridging_a,,,11,,,,,,,,,
        value, tagged_action_h_tci_investigation_untagged_discarding_c,,,12,,,,,,,,,
        value, tagged_action_g_tci_investigation_untagged_bridging_a,,,13,,,,,,,,,
        value, tagged_action_g_tci_investigation_untagged_discarding_c,,,14,,,,,,,,,
        value, tagged_action_h_vid_investigation_untagged_bridging_a_dup,,,15,,,,,,,,,
        value, tagged_action_h_vid_investigation_untagged_discarding_c_dup,,,16,,,,,,,,,
        value, tagged_action_h_pri_investigation_untagged_bridging_a_dup,,,17,,,,,,,,,
        value, tagged_action_h_pri_investigation_untagged_discarding_c_dup,,,18,,,,,,,,,
        value, tagged_action_h_tci_investigation_untagged_bridging_a_dup,,,19,,,,,,,,,
        value, tagged_action_h_tci_investigation_untagged_discarding_c_dup,,,20,,,,,,,,,
        value, tagged_bridging_a_no_investigation_untagged_discarding_c_dup,,,21,,,,,,,,,
        value, tagged_action_j_vid_investigation_untagged_bridging_a,,,22,,,,,,,,,
        value, tagged_action_j_vid_investigation_untagged_discarding_c,,,23,,,,,,,,,
        value, tagged_action_j_pri_investigation_untagged_bridging_a,,,24,,,,,,,,,
        value, tagged_action_j_pri_investigation_untagged_discarding_c,,,25,,,,,,,,,
        value, tagged_action_j_tci_investigation_untagged_bridging_a,,,26,,,,,,,,,
        value, tagged_action_j_tci_investigation_untagged_discarding_c,,,27,,,,,,,,,
        value, tagged_action_vid_investigation_h_untagged_bridging_a,,,28,,,,,,,,,
        value, tagged_action_vid_investigation_h_untagged_discarding_c,,,29,,,,,,,,,
        value, tagged_action_pri_investigation_h_untagged_bridging_a,,,30,,,,,,,,,
        value, tagged_action_pri_investigation_h_untagged_discarding_c,,,31,,,,,,,,,
        value, tagged_action_tci_investigation_h_untagged_bridging_a,,,32,,,,,,,,,
        value, tagged_action_tci_investigation_h_untagged_discarding_c,,,33,,,,,,,,,
    attribute, num_of_entries,,1,, int, %u,, number of entries,,, RWS, M,
me, tcont,262,,,,,, T-CONT,,,,, SG
    attribute, alloc_id,,2,, int, %u,, Alloc-ID,,, RW, M,
    attribute, deprecated,,1,, int, %u,, Deprecated,,, RW, M,
    attribute, policy,,1,, enum,,, Policy,,, RW, M,
        value, null,,,0,,,, Null,,,,,
        value, strict_priority,,,1,,,, Strict priority,,,,,
        value, wrr,,,2,,,, WRR,,,,,
me, ext_vlan_tag_oper_config_data,171,,,,,, Extended VLAN Tagging Operation Configuration Data,,,,, CDSG
    attribute, assoc_type,,1,, enum,,, Association Type,,, RWS, M,
        value, mac_bridge_port_cfg_data,,,0,,,, MAC Bridge Port Configuration Data,,,,,
        value, ieee_8021p_mapper_service_profile,,,1,,,, IEEE 802.1p Mapper Service Profile,,,,,
        value, pptp_eth_uni,,,2,,,, Physical Path Termination Point Ethernet UNI,,,,,
        value, ip_host_cfg_data,,,3,,,, IP Host Config Data or IPv6 Host Config Data,,,,,
        value, pptp_xdsl_uni,,,4,,,, Physical Path Termination Point xDSL UNI,,,,,
        value, gem_iwtp,,,5,,,, GEM Interworking Termination Point,,,,,
        value, mcast_gem_iwtp,,,6,,,, Multicast GEM Interworking Termination Point,,,,,
        value, pptp_moca_uni,,,7,,,, Physical Path Termination Point MoCA UNI,,,,,
        value, reserved,,,8,,,, Reserved,,,,,
        value, eth_flow_tp,,,9,,,, Ethernet Flow Termination Point,,,,,
        value, veip,,,10,,,, Virtual Ethernet Interface Point,,,,,
        value, mpls_pseudowire_tp,,,11,,,, MPLS Pseudowire Termination Point,,,,,
    attribute, rx_frame_vlan_tag_oper_table_max_size,,2,, int, %u,, Rx Frame VLAN Tagging Operation Table Max Size,,, R, M,
    attribute, input_tpid,,2,, int, %x,, Input TPID,,, RW, M,
    attribute, output_tpid,,2,, int, %x,, Output TPID,,, RW, M,
    attribute, ds_mode,,1,, enum,,, Downstream Mode,,, RW, M,
        value, us_inverse,,,0,,,, The operation performed in the downstream direction is the inverse of that performed in the upstream direction,,,,,
        value, forward_unmodified,,,1,,,, Regardless of the filter rules no operation is performed in the downstream direction. All downstream frames are forwarded unmodified,,,,,
        value, match_inverse_on_vid_pbit_default_forward,,,2,,,, Filter on VID and p-bit value. On a match perform the inverse operation on both the VID and p-bit value. If no match is found forward the frame unmodified,,,,,
        value, match_inverse_on_vid_default_forward,,,3,,,, Filter on VID only. On a match perform the inverse VID operation only; pass the p bits through. If no match is found forward the frame unmodified,,,,,
        value, match_inverse_on_pbit_default_forward,,,4,,,, Filter on p-bit only. On a match perform the inverse p-bit operation only; pass the VID through. If no match is found forward the frame unmodified,,,,,
        value, match_inverse_on_vid_pbit_default_discard,,,5,,,, Filter on VID and p-bit value. On a match perform the inverse operation on both the VID and p-bit value. If no match is found discard the frame,,,,,
        value, match_inverse_on_vid_default_discard,,,6,,,, Filter on VID. On a match perform the inverse operation on the VID only; pass the p bits through. If no match is found discard the frame,,,,,
        value, match_inverse_on_pbit_default_discard,,,7,,,, Filter on p-bit only. On a match perform the inverse p-bit operation only; pass the VID through. If no match is found discard the frame,,,,,
        value, discard_all,,,8,,,, Regardless of the filter rules discard all downstream traffic,,,,,
    attribute, rx_frame_vlan_tag_oper_table,,16,, struct,,, Downstream Mode,,, RW, M,
        field, outer_filter_word,,4,, struct,,, Outer filter word,,,,,
            subfield, filter_outer_priority,, :4,,,,, Filter outer priority,,,,,
            subfield, filter_outer_vid,, :13,,,,, Filter outer VID,,,,,
            subfield, filter_outer_tpid,, :3,,,,, Filter outer TPID/DEI,,,,,
            subfield, pad,, :12,,,, hidden, Padding,,,,,
        field, inner_filter_word,,4,, struct,,, Inner filter word,,,,,
            subfield, filter_inner_priority,, :4,,,,, Filter inner priority,,,,,
            subfield, filter_inner_vid,, :13,,,,, Filter inner VID,,,,,
            subfield, filter_inner_tpid,, :3,,,,, Filter inner TPID/DEI,,,,,
            subfield, pad,, :8,,,, hidden, Padding,,,,,
            subfield, filter_ether_type,, :4,,,,, Filter Ethertype,,,,,
        field, outer_treatment_word,,4,, struct,,, Outer treatment word,,,,,
            subfield, treatment,, :2,,,,, Treatment,,,,,
            subfield, pad,, :10,,,, hidden, Padding,,,,,
            subfield, treatment_outer_priority,, :4,,,,, Treatment outer priority,,,,,
            subfield, treatment_outer_vid,, :13,,,,, Treatment outer VID,,,,,
            subfield, treatment_outer_tpid,, :3,,,,, Treatment outer TPID/DEI,,,,,
        field, inner_treatment_word,,4,, struct,,, Inner treatment word,,,,,
            subfield, pad,, :12,,,, hidden, Padding,,,,,
            subfield, treatment_inner_priority,, :4,,,,, Treatment inner priority,,,,,
            subfield, treatment_inner_vid,, :13,,,,, Treatment inner VID,,,,,
            subfield, treatment_inner_tpid,, :3,,,,, Treatment inner TPID/DEI,,,,,
    attribute, assoc_me_ptr,,2,, int, %u,, Associated ME Pointer,,, RWS, M,
    attribute, dscp_to_pbit_mapping,,24,, bytes,,, DSCP to P-bit Mapping,,, RW, O,
me, priority_queue_g,277,,,,,, priority queue-G,,,,, SG
    attribute, queue_config_opt,,1,, int, %u,, Queue configuration option,,, R, M,
    attribute, max_queue_size,,2,, int, %u,, Maximum queue size,,, R, M,
    attribute, allocated_queue_size,,2,, int, %u,, Allocated queue size,,, RW, M,
    attribute, discard_counter_reset_interval,,2,, int, %u,, Discard-block counter reset interval,,, RW, O,
    attribute, discard_threshold,,2,, int, %u,, Threshold value for discarded blocks due to buffer overflow,,, RW, O,
    attribute, related_port,,4,, bytes,,, Related port,,, RW, M,
    attribute, traffic_scheduler_ptr,,2,, int, %u,, Traffic scheduler pointer,,, RW, M,
    attribute, weight,,1,, int, %u,, Weight,,, RW, M,
    attribute, back_pressure_oper,,2,, int, %u,, Back pressure operation,,, RW, M,
    attribute, back_pressure_time,,4,, int, %u,, Back pressure time,,, RW, M,
    attribute, back_pressure_occur_queue_thr,,2,, int, %u,, Back pressure occur queue threshold,,, RW, M,
    attribute, back_pressure_clear_queue_thr,,2,, int, %u,, Back pressure clear queue threshold,,, RW, M,
    attribute, packet_drop_queue_thr,,8,, bytes,,, Packet drop queue thr,,, RW, O,
    attribute, packet_drop_max_p,,2,, int, %u,, Packet drop max_p,,, RW, O,
    attribute, queue_drop_w_q,,1,, int, %u,, Queue drop w_q,,, RW, O,
    attribute, drop_precedence_colour_marking,,1,, enum,,, Drop precedence colour marking,,, RW, O,
        value, no_marking,,,0,,,,,,,,,
        value, internal_marking,,,1,,,,,,,,,
        value, dei,,,2,,,,,,,,,
        value, pcp_8_p_0_d,,,3,,,,,,,,,
        value, pcp_7_p_1_d,,,4,,,,,,,,,
        value, pcp_6_p_2_d,,,5,,,,,,,,,
        value, pcp_5_p_3_d,,,6,,,,,,,,,
        value, dscp_af_class,,,7,,,,,,,,,
me, mcast_gem_iw_tp,281,,,,,, Multicast GEM interworking termination point,,,,, CDSGN
    attribute, gem_port_net_ctp_conn_ptr,,2,, int, %u,, GEM port network CTP connectivity pointer,,, RS, M,
    attribute, iw_opt,,1,, enum,,, Interworking option,,, RWS, M,
        value, no_op,,,0,,,,,,,,,
        value, mac_bridged_lan,,,1,,,,,,,,,
        value, reserved,,,3,,,,,,,,,
        value, ieee_8021_p_mapper,,,5,,,,,,,,,
    attribute, svc_prof_ptr,,2,, int, %u,, Service profile pointer,,, RWS, M,
    attribute, not_used_1,,2,, int, %u,, Not used 1,,, RWS, M,
    attribute, pptp_counter,,1,, int, %u,, PPTP Counter,,, R, O,
    attribute, oper_state,,1,, enum,,, Operational state,,, R, O,
        value, enabled,,,0,,,,,,,,,
        value, disabled,,,1,,,,,,,,,
    attribute, gal_prof_ptr,,2,, int, %u,, GAL profile pointer,,, RWS, M,
    attribute, not_used_2,,1,, int, %u,, Not used 2,,, RWS, M,
    attribute, ipv_4_mcast_addr_table,,12,, struct,,, IPv4 multicast address table,,, RW, M,
        field, gem_port_id,,2,, int, %u,, GEM Port ID,,,,,
        field, secondary_key,,2,, int, %u,, Secondary Key,,,,,
        field, mcast_addr_range_start,,4,, int, %x,, IP multicast destination address range start,,,,,
        field, mcast_addr_range_stop,,4,, int, %x,, IP multicast destination address range stop,,,,,
    attribute, ipv_6_mcast_addr_table,,24,, struct,,, IPv6 multicast address table,,, RW, O,
        field, gem_port_id,,2,, int, %u,, GEM Port ID,,,,,
        field, secondary_key,,2,, int, %u,, Secondary Key,,,,,
        field, mcast_addr_range_start_lsb,,4,, int, %x,, LSB of IP multicast destination address range start,,,,,
        field, mcast_addr_range_stop_lsb,,4,, int, %x,, LSB of IP multicast destination address range stop,,,,,
        field, mcast_addr_range_msb,,12,, bytes,,, Most significant bytes; IP destination address,,,,,
me, mcast_operations_profile,309,,,,,, Multicast Operations Profile,,,,, CDSGNT
    attribute, igmp_version,,1,, enum,,, IGMP version,,, RWS, M,
        value, deprecated,,,1,,,,,,,,,
        value, igmp_version_2,,,2,,,,,,,,,
        value, igmp_version_3,,,3,,,,,,,,,
        value, mld_version_1,,,16,,,,,,,,,
        value, mld_version_2,,,17,,,,,,,,,
    attribute, igmp_function,,1,, enum,,, IGMP function,,, RWS, M,
        value, transparent_igmp_snooping,,,0,,,,,,,,,
        value, spr,,,1,,,,,,,,,
        value, igmp_proxy,,,2,,,,,,,,,
    attribute, immediate_leave,,1,, int, %u,, Immediate leave,,, RWS, M,
    attribute, upstream_igmp_tci,,2,, int, %u,, Upstream IGMP TCI,,, RWS, O,
    attribute, upstream_igmp_tag_control,,1,, enum,,, Upstream IGMP tag control,,, RWS, O,
        value, pass_igmp_mld_transparent,,,0,,,,,,,,,
        value, add_vlan_tag,,,1,,,,,,,,,
        value, replace_vlan_tag,,,2,,,,,,,,,
        value, replace_vlan_id,,,3,,,,,,,,,
    attribute, upstream_igmp_rate,,4,, int, %u,, Upstream IGMP rate,,, RWS, O,
    attribute, dynamic_access_control_list_table,,24,, struct,,, Dynamic access control list table,,, RW, M,
        field, table_control,,2,, int, %u,, Table Control,,,,,
        field, gem_port_id,,2,, int, %u,, GEM Port ID,,,,,
        field, vlan_id,,2,, int, %u,, VAN ID,,,,,
        field, src_ip,,4,, int, %x,, Source IP,,,,,
        field, ip_mcast_addr_start,,4,, int, %x,, Destination IP address start of range,,,,,
        field, ip_mcast_addr_end,,4,, int, %x,, Destination IP address end of range,,,,,
        field, imputed_grp_bw,,4,, int, %u,, Imputed Group,,,,,
        field, reserved,,2,, int, %u,, Reserved,,,,,
    attribute, static_access_control_list_table,,24,, struct,,, Static access control list table,,, RW, M,
        field, table_control,,2,, int, %u,, Table Control,,,,,
        field, gem_port_id,,2,, int, %u,, GEM Port ID,,,,,
        field, vlan_id,,2,, int, %u,, VAN ID,,,,,
        field, src_ip,,4,, int, %x,, Source IP,,,,,
        field, ip_mcast_addr_start,,4,, int, %x,, Destination IP address start of range,,,,,
        field, ip_mcast_addr_end,,4,, int, %x,, Destination IP address end of range,,,,,
        field, imputed_grp_bw,,4,, int, %u,, Imputed Group,,,,,
        field, reserved,,2,, int, %u,, Reserved,,,,,
    attribute, lost_groups_list_table,,10,, bytes,,, Lost groups list table,,, R, O,
    attribute, robustness,,1,, int, %u,, Robustness,,, RWS, O,
    attribute, querier_ip_address,,4,, int, %x,, Querier IP address,,, RWS, O,
    attribute, query_interval,,4,, int, %u,, query_interval,,, RWS, O,
    attribute, query_max_response_time,,4,, int, %u,, Query max response time,,, RWS, O,
    attribute, last_member_query_interval,,1,, int, %u,, Last member query interval,,, RW, O,
    attribute, unauth_join_request_behaviour,,1,, int, %u,, Unauthorized join request behaviour,,, RW, O,
    attribute, ds_igmp_and_multicast_tci,,3,, struct,,, Downstream IGMP and multicast TCI,,, RWS, O,
        field, control_type,,1,, enum,,, Control type,,,,,
            value, transparent,,,0,,,, Pass downstream IGMP/MLD and multicast traffic transparently; neither stripping nor modifying tags that may be present,,,,,
            value, strip_outer_tag,,,1,,,, Strip the outer VLAN tag (including P bits) from downstream IGMP/MLD and multicast traffic,,,,,
            value, add_outer_tag,,,2,,,,,,,,,
            value, replace_outer_tci,,,3,,,,,,,,,
            value, replace_outer_vid,,,4,,,,,,,,,
            value, add_outer_tag_by_subscriber_config_info,,,5,,,,,,,,,
            value, replace_outer_tci_by_subscriber_config_info,,,6,,,,,,,,,
            value, replace_outer_vid_by_subscriber_config_info,,,7,,,,,,,,,
        field, tci,,2,, int, %u,, TCI,,,,,
me, mcast_subscriber_config_info,310,,,,,, Multicast subscriber config info,,,,, CDSGNT
    attribute, me_type,,1,, enum,,, ME Type,,, RWS, M,
        value, mac_bridge_port_config_data,,,0,,,,,,,,,
        value, ieee_8021p_mapper_service_profile,,,1,,,,,,,,,
    attribute, mcast_operations_prof_ptr,,2,, int, %u,, Multicast operations profile pointer,,, RWS, M,
    attribute, max_simultaneous_groups,,2,, int, %u,, Max simultaneous groups,,, RWS, O,
    attribute, max_multicast_bw,,4,, int, %u,, Max multicast bandwidth,,, RWS, O,
    attribute, bw_enforcement,,1,, int, %u,, Bandwidth enforcement,,, RWS, O,
    attribute, mcast_svc_pkg_table,,20,, bytes,,, Multicast service package table,,, RW, O,
    attribute, allowed_preview_groups_table,,24,, bytes,,, Allowed preview groups table,,, RW, O,
me, pptp_eth_uni,11,,,,,, PPTP Ethernet UNI,,,,, SG
    attribute, expected_type,,1,, int, %u,, Expected Type,,, RW, M,
    attribute, sensed_type,,1,, int, %u,, Sensed Type,,, R, M,
    attribute, auto_detection_config,,1,, enum,,, Auto Detection Configuration,,, RW,M,
        value, auto_detect_config_auto_rate_auto_mode,,,0,,,,,,,,,
        value, auto_detect_config_10_meg_full_duplex,,,1,,,,,,,,,
        value, auto_detect_config_100_meg_full_duplex,,,2,,,,,,,,,
        value, auto_detect_config_1000_meg_full_duplex,,,3,,,,,,,,,
        value, auto_detect_config_auto_rate_full_duplex,,,4,,,,,,,,,
        value, auto_detect_config_10_gig_full_duplex,,,5,,,,,,,,,
        value, auto_detect_config_10_meg_auto_mode,,,16,,,,,,,,,
        value, auto_detect_config_10_meg_half_duplex,,,17,,,,,,,,,
        value, auto_detect_config_100_meg_half_duplex,,,18,,,,,,,,,
        value, auto_detect_config_1000_meg_half_duplex,,,19,,,,,,,,,
        value, auto_detect_config_auto_rate_half_duplex,,,20,,,,,,,,,
        value, auto_detect_config_1000_meg_auto_mode,,,32,,,,,,,,,
        value, auto_detect_config_100_meg_auto_mode,,,48,,,,,,,,,
    attribute, ethernet_loopback_config,,1,, enum,,, Ethernet loopback configuration,,, RW,M,
        value, no_loopback,,,0,,,,,,,,,
        value, loop_3,,,3,,,,,,,,,
    attribute, admin_state,,1,, enum,,, Administrative State,,, RW,M,
        value, unlock,,,0,,,,,,,,,
        value, lock,,,1,,,,,,,,,
    attribute, oper_state,,1,, enum,,, Operational State,,, R,O,
        value, enabled,,,0,,,,,,,,,
        value, disabled,,,1,,,,,,,,,
    attribute, config_ind,,1,, enum,,, Config Indication,,, R,M,
        value, config_unknown,,,0,,,,,,,,,
        value, config_10_base_t_full_duplex,,,1,,,,,,,,,
        value, config_100_base_t_full_duplex,,,2,,,,,,,,,
        value, config_gig_ethernet_full_duplex,,,3,,,,,,,,,
        value, config_10_gig_ethernet_full_duplex,,,4,,,,,,,,,
        value, config_10_base_t_half_duplex,,,17,,,,,,,,,
        value, config_100_base_t_half_duplex,,,18,,,,,,,,,
        value, config_gig_ethernet_half_duplex,,,19,,,,,,,,,
    attribute, max_frame_size,,2,, int, %u,, Max frame size,,, RW, M,
    attribute, dte_or_dce_ind,,1,, enum,,, DTE or DCE ind,,, RW,M,
        value, dce_or_mdi_x,,,0,,,, Default,,,,,
        value, dte_or_mdi,,,1,,,,,,,,,
        value, auto_selection,,,2,,,,,,,,,
    attribute, pause_time,,2,, int, %u,, Pause time,,, RW, O,
    attribute, bridged_or_ip_ind,,1,, enum,,, Bridged or IP ind,,, RW,O,
        value, bridged,,,0,,,,,,,,,
        value, ip_router,,,1,,,,,,,,,
        value, dependency_on_parent_ckt_pack,,,2,,,,,,,,,
    attribute, arc,,1,, int, %u,, ARC,,, RW, O,
    attribute, arc_interval,,1,, int, %u,, ARC interval,,, RW, O,
    attribute, pppoe_filter,,1,, int, %u,, PPPoE filter,,, RW, O,
    attribute, power_control,,1,, int, %u,, Power control,,, RW, O,
me, virtual_eth_intf_point,329,,,,,, Virtual Ethernet Interface Point,,,,, SG
    attribute, admin_state,,1,, enum,,, Admin state,,, RW,M,
        value, unlock,,,0,,,,,,,,,
        value, lock,,,1,,,,,,,,,
    attribute, oper_state,,1,, enum,,, Operational state,,, R,O,
        value, enabled,,,0,,,,,,,,,
        value, disabled,,,1,,,,,,,,,
    attribute, interdomain_name,,25,, bytes,,, Interdomain Name,,, RW,O,
    attribute, tcp_udp_ptr,,2,, int, %u,, TCP/UDP pointer,,, RW, O,
    attribute, iana_assigned_port,,2,, int, %u,, IANA Assigned port,,, R, M,
me, onu_data,2,,,,,,ONU data,,,,, SGR
    attribute, mib_data_sync,,1,, int, %u,,,,, RW, M,
me, onu_g,256,,,,,,ONU-G (9.1.1),,,,, SGY
    attribute, vendor_id,,4,, int, %u,, 4 MS bytes of ONU serial number,,, R, M,
    attribute, version,,14,, bytes,,, ONU version string by the vendor,,, R, M,
    attribute, serial_number,,8,, bytes,,, Serial number,,, R, M,
    attribute, traffic_management,,1,, enum,,,,,, R, M,
        value, priority,,,0,,,,,,,,,
        value, rate,,,1,,,,,,,,,
        value, priority_and_rate,,,2,,,,,,,,,
    attribute, deprecated0,,1,, int,, hidden,,,, R, O,
    attribute, battery_backup,,1,, int,,,,,, RW, M,
    attribute, admin_state,,1,, enum,,,,,, RW, M,
        value, unlock,,,0,,,,,,,,,
        value, lock,,,1,,,,,,,,,
    attribute, oper_state,,1,, enum,,,,,, R, O,
        value, enabled,,,0,,,,,,,,,
        value, disabled,,,1,,,,,,,,,
    attribute, survival_time,,1,, int,,,,,, R, O,
    attribute, logical_onu_id,,24,, bytes,,,,,, R, O,
    attribute, logical_password,,12,, bytes,,,,,, R, O,
    attribute, credentials_status,,1,, enum,,,,,, RW, O,
        value, initial_state,,,0,,,,,,,,,
        value, successful_authentication,,,1,,,,,,,,,
        value, loid_error,,,2,,,,,,,,,
        value, password_error,,,3,,,,,,,,,
        value, duplicate_loid,,,4,,,,,,,,,
    attribute, extended_tc_options,,2,,int, %x,,,,, R, O,
me, onu2_g,257,,,,,,ONU2-G (9.1.2),,,,, SG
    attribute, equipment_id,,20,, bytes, ,,,,, R, O,
    attribute, omcc_version,,1,, enum,,,,,, R, M,
        value, baseline_2004,,,128,,,,,,,,,
        value, baseline_2004_amd1,,,129,,,,,,,,,
        value, baseline_2004_amd2,,,130,,,,,,,,,
        value, baseline_2004_amd3,,,131,,,,,,,,,
        value, baseline_2008,,,132,,,,,,,,,
        value, baseline_2008_amd1,,,133,,,,,,,,,
        value, baseline_2008_amd2,,,134,,,,,,,,,
        value, baseline_and_extended_2008_amd2,,,150,,,,,,,,,
        value, baseline_2010,,,160,,,,,,,,,
        value, baseline_amd1,,,161,,,,,,,,,
        value, baseline_amd2,,,162,,,,,,,,,
        value, baseline_2012,,,163,,,,,,,,,
        value, baseline_and_extended_2010,,,176,,,,,,,,,
        value, baseline_and_extended_amd1,,,177,,,,,,,,,
        value, baseline_and_extended_amd2,,,178,,,,,,,,,
        value, baseline_and_extended_2012,,,179,,,,,,,,,
        value, baseline_and_extended_2014,,,180,,,,,,,,,
    attribute, vendor_product_code,,2,,int, %x,,,,, R, O,
    attribute, security_capability,,1,, enum,,,,,, R, M,
        value, aes_128,,,1,,,,,,,,,
    attribute, security_mode,,1,, enum,,,,,, RW, M,
        value, aes_128,,,1,,,,,,,,,
    attribute, total_priority_queue_number,,2,, int, %u,,,,, R, M,
    attribute, total_traf_sched_number,,1,, int, %u,,,,, R, M,
    attribute, deprecated0,,1,, int, %u, hidden,,,, R, M,
    attribute, total_gem_port_number,,2,, int, %u,,,,, R, O,
    attribute, sys_up_time,,4,, int, %u,,In 10ms intervals,,, R, O,
    attribute, connectivity_capability,,2,, int, %x,,,,, R, O,
    attribute, connectivity_mode,,1,, enum,,,,,, RW, O,
        value, no_selection,,,0,,,,,,,,,
        value, n_1_bridging,,,1,,,,,,,,,
        value, 1_m_mapping,,,2,,,,,,,,,
        value, 1_p_filtering,,,3,,,,,,,,,
        value, n_m_bridge_mapping,,,4,,,,,,,,,
        value, 1_mp_map_filering,,,5,,,,,,,,,
        value, n_p_bridge_filtering,,,6,,,,,,,,,
        value, n_p_bridge_map_filtering,,,7,,,,,,,,,
    attribute, qos_config_flexibility,,2,, int, %u,,Actually it is an enum,,, R, O,
    attribute, priority_queue_scale_factor,,2,, int, %u,,,,, RW, O,
me, sw_image,7,,,,,,Software image (9.1.4),,,,,GALEIM
    attribute, version,,14,, bytes, ,,,,, R, M,
    attribute, is_committed,,1,, enum,,,,,, R, M,
        value, uncommitted,,,0,,,,,,,,,
        value, committed,,,1,,,,,,,,,
    attribute, is_active,,1,, enum,,,,,, R, M,
        value, inactive,,,0,,,,,,,,,
        value, active,,,1,,,,,,,,,
    attribute, is_valid,,1,, enum,,,,,, R, M,
        value, invalid,,,0,,,,,,,,,
        value, valid,,,1,,,,,,,,,
    attribute, product_code,,25,, bytes, ,,,,, R, O,
    attribute, image_hash,,16,, bytes, ,,,,, R, O,
me, ani_g,263,,,,,,ANI-G (9.2.1),,,,,SGT
    attribute, sr_indication,,1,, int, %u,,,,, R, M,
    attribute, total_tcont_number,,2,, int, %u,,,,, R, M,
    attribute, gem_block_length,,2,, int, %u,,,,, RW, M,
    attribute, piggy_back_dba_reporting,,1,, int, %u,,,,, R, M,
    attribute, deprecated,,1,, int, %u,,,,, R, M,
    attribute, sf_threshold,,1,, int, %u,,,,, RW, M,
    attribute, sd_threshold,,1,, int, %u,,,,, RW, M,
    attribute, arc,,1,, int, %u,,,,, RW, O,
    attribute, arc_interval,,1,, int, %u,,,,, RW, O,
    attribute, optical_signal_level,,2,, int, %u,,,,, R, O,
    attribute, lower_optical_threshold,,1,, int, %u,,,,, RW, O,
    attribute, upper_optical_threshold,,1,, int, %u,,,,, RW, O,
    attribute, onu_response_time,,2,, int, %u,,,,, R, O,
    attribute, transmit_optical_level,,2,, int, %u,,,,, R, O,
    attribute, lower_transmit_power_threshold,,1,, int, %u,,,,, RW, O,
    attribute, upper_transmit_power_threshold,,1,, int, %u,,,,, RW, O,
me, gem_port_net_ctp_pm,341,,,,,,GEM Port Network CTP PM(9.2.13),,,,,CDSG
    attribute, interval_end_time,,1,, int, %u,,,,, R, M,
    attribute, threshold_data,,2,, int, %u,,,,, RWS, M,
    attribute, tx_gem_frames,,4,, int, %u,,,,, R, M,
    attribute, rx_gem_frames,,4,, int, %u,,,,, R, M,
    attribute, rx_payload_bytes,,8,, bytes, ,,,,, R, M,
    attribute, tx_payload_bytes,,8,, bytes, ,,,,, R, M,
    attribute, encry_key_errors,,4,, int, %u,,,,, R, O,
me, eth_frame_upstream_pm,322,,,,,,ETH FRAME UPSTREAM PM(9.3.30),,,,,CDSG
    attribute, interval_end_time,,1,, int, %u,,,,, R, M,
    attribute, threshold_data,,2,, int, %u,,,,, RWS, M,
    attribute, up_drop_events,,4,, int, %u,,,,, R, M,
    attribute, up_octets,,4,, int, %u,,,,, R, M,
    attribute, up_packets,,4,, int, %u,,,,, R, M,
    attribute, up_broadcast_packets,,4,, int, %u,,,,, R, M,
    attribute, up_multicast_packets,,4,, int, %u,,,,, R, M,
    attribute, up_crc_errored_packets,,4,, int, %u,,,,, R, M,
    attribute, up_undersize_packets,,4,, int, %u,,,,, R, M,
    attribute, up_oversize_packets,,4,, int, %u,,,,, R, M,
    attribute, up_packets_64_octets,,4,, int, %u,,,,, R, M,
    attribute, up_packets_65_127_octets,,4,, int, %u,,,,, R, M,
    attribute, up_packets_128_255_octets,,4,, int, %u,,,,, R, M,
    attribute, up_packets_256_511_octets,,4,, int, %u,,,,, R, M,
    attribute, up_packets_512_1023_octets,,4,, int, %u,,,,, R, M,
    attribute, up_packets_1024_1518_octets,,4,, int, %u,,,,, R, M,
me, eth_frame_downstream_pm,321,,,,,,ETH FRAME DOWNSTREAM PM(9.3.31),,,,,CDSG
    attribute, interval_end_time,,1,, int, %u,,,,, R, M,
    attribute, threshold_data,,2,, int, %u,,,,, RWS, M,
    attribute, dn_drop_events,,4,, int, %u,,,,, R, M,
    attribute, dn_octets,,4,, int, %u,,,,, R, M,
    attribute, dn_packets,,4,, int, %u,,,,, R, M,
    attribute, dn_broadcast_packets,,4,, int, %u,,,,, R, M,
    attribute, dn_multicast_packets,,4,, int, %u,,,,, R, M,
    attribute, dn_crc_errored_packets,,4,, int, %u,,,,, R, M,
    attribute, dn_undersize_packets,,4,, int, %u,,,,, R, M,
    attribute, dn_oversize_packets,,4,, int, %u,,,,, R, M,
    attribute, dn_packets_64_octets,,4,, int, %u,,,,, R, M,
    attribute, dn_packets_65_127_octets,,4,, int, %u,,,,, R, M,
    attribute, dn_packets_128_255_octets,,4,, int, %u,,,,, R, M,
    attribute, dn_packets_256_511_octets,,4,, int, %u,,,,, R, M,
    attribute, dn_packets_512_1023_octets,,4,, int, %u,,,,, R, M,
    attribute, dn_packets_1024_1518_octets,,4,, int, %u,,,,, R, M,
me, fec_pm,312,,,,,,FEC PERFORMANCE PM DATA(9.2.9),,,,,CDSG
    attribute, interval_end_time,,1,, int, %u,,,,, R, M,
    attribute, threshold_data,,2,, int, %u,,,,, RWS, M,
    attribute, corrected_bytes,,4,, int, %u,,,,, R, M,
    attribute, corrected_code_words,,4,, int, %u,,,,, R, M,
    attribute, uncorrectable_code_words,,4,, int, %u,,,,, R, M,
    attribute, total_code_words,,4,, int, %u,,,,, R, M,
    attribute, fec_seconds,,2,, int, %u,,,,, R, M,
me, xgpon_tc_pm,344,,,,,,XG-PON TC PERFORMANCE PM DATA(9.2.15),,,,,CDSG
    attribute, interval_end_time,,1,, int, %u,,,,, R, M,
    attribute, threshold_data,,2,, int, %u,,,,, RWS, M,
    attribute, psbd_hec_error_count,,4,, int, %u,,,,, R, O,
    attribute, xgtc_hec_error_count,,4,, int, %u,,,,, R, O,
    attribute, unknown_profile_count,,4,, int, %u,,,,, R, O,
    attribute, transmitted_xgem_frames,,4,, int, %u,,,,, R, M,
    attribute, fragment_xgem_frames,,4,, int, %u,,,,, R, O,
    attribute, xgem_hec_lost_words_count,,4,, int, %u,,,,, R, O,
    attribute, xgem_key_errors,,4,, int, %u,,,,, R, M,
    attribute, xgem_hec_error_count,,4,, int, %u,,,,, R, M,
    attribute, tx_bytes_in_non_idle_xgem_frames,,8,, bytes, ,,,,, R, M,
    attribute, rx_bytes_in_non_idle_xgem_frames,,8,, bytes, ,,,,, R, O,
    attribute, lods_event_count,,4,, int, %u,,,,, R, O,
    attribute, lods_event_restored_count,,4,, int, %u,,,,, R, O,
    attribute, onu_reactivation_by_lods_events,,4,, int, %u,,,,, R, O,
me, ip_host_config_data,134,,,,,,IP Host Config Data (9.4.1),,,,, SGT
    attribute,ip_options,,1,, int, %x,,Bit map that enables/disables IP-related options,,, RW, M,
    attribute, mac_addr,,6,, bytes,,,MAC Address,,, R, M,
    attribute, onu_id,,25,, bytes,,,ONU identifier,,, RW, M,
    attribute, ip_address,,4,, int, %x,,,,, RW, M,
    attribute, mask,,4,, int, %x,,,,, RW, M,
    attribute, gateway,,4,, int, %x,,,,, RW, M,
    attribute, primary_dns,,4,, int, %x,,,,, RW, M,
    attribute, secondary_dns,,4,, int, %x,,,,, RW, M,
    attribute, current_address,,4,, int, %x,,,,, R, O,
    attribute, current_mask,,4,, int, %x,,,,, R, O,
    attribute, current_gateway,,4,, int, %x,,,,, R, O,
    attribute, current_primary_dns,,4,, int, %x,,,,, R, O,
    attribute, current_secondary_dns,,4,, int, %x,,,,, R, O,
    attribute, domain_name,,25,, bytes,,,,,, R, M,
    attribute, host_name,,25,, bytes,,,,,, R, M,
    attribute, relay_agent_options,,2,, bytes,,,,,, RW, O,
me, voip_line_status,141,,,,,,VoIP Line Status (9.9.11),,,,, G
    attribute,codec,,2,, enum, ,,VoIP codec used,,, R, M,
        value, pcmu,,,0,,,,,,,,,
        value, gsm,,,3,,,,,,,,,
        value, g723,,,4,,,,,,,,,
        value, dvi4_8khz,,,5,,,,,,,,,
        value, dvi4_16khz,,,6,,,,,,,,,
        value, lpc,,,7,,,,,,,,,
        value, pcma,,,8,,,,,,,,,
        value, g722,,,9,,,,,,,,,
        value, l16_2ch,,,10,,,,,,,,,
        value, l16_1ch,,,11,,,,,,,,,
        value, qcelp,,,12,,,,,,,,,
        value, cn,,,13,,,,,,,,,
        value, mpa,,,14,,,,,,,,,
        value, g728,,,15,,,,,,,,,
        value, dvi4_11khz,,,16,,,,,,,,,
        value, dvi4_22khz,,,17,,,,,,,,,
        value, g729,,,18,,,,,,,,,
    attribute,voice_server_status,,1,, enum, ,,VoIP server status,,, R, M,
        value, none,,,0,,,,,,,,,
        value, registered,,,1,,,,,,,,,
        value, in_session,,,2,,,,,,,,,
        value, failed_registration_icmp_error,,,3,,,,,,,,,
        value, failed_registration_failed_tcp,,,4,,,,,,,,,
        value, failed_registration_failed_authentication,,,5,,,,,,,,,
        value, failed_registration_timeout,,,6,,,,,,,,,
        value, failed_registration_server_fail_code,,,7,,,,,,,,,
        value, failed_invite_icmp_error,,,8,,,,,,,,,
        value, failed_invite_failed_tcp,,,9,,,,,,,,,
        value, failed_invite_failed_authentication,,,10,,,,,,,,,
        value, failed_invite_timeout,,,11,,,,,,,,,
        value, failed_invite_server_fail_code,,,12,,,,,,,,,
        value, port_not_configured,,,13,,,,,,,,,
        value, config_done,,,14,,,,,,,,,
        value, disabled_by_switch,,,15,,,,,,,,,
    attribute,port_session_type,,1,, enum, ,,Port Session Type,,, R, M,
        value, idle,,,0,,,,,,,,,
        value, 2way,,,1,,,,,,,,,
        value, 3way,,,2,,,,,,,,,
        value, fax_modem,,,3,,,,,,,,,
        value, telemetry,,,4,,,,,,,,,
        value, conference,,,5,,,,,,,,,
    attribute, call1_packet_period,,2,, int, %u,,,,, R, M,
    attribute, call2_packet_period,,2,, int, %u,,,,, R, M,
    attribute, call1_dest_address,,25,, bytes,,,,,, R, M,
    attribute, call2_dest_address,,25,, bytes,,,,,, R, M,
    attribute,line_state,,1,, enum, ,,Port Session Type,,, R, O,
        value, idle_on_hook,,,0,,,,,,,,,
        value, off_hook_dial_tone,,,1,,,,,,,,,
        value, dialing,,,2,,,,,,,,,
        value, ringing,,,3,,,,,,,,,
        value, audible_ringback,,,4,,,,,,,,,
        value, connecting,,,5,,,,,,,,,
        value, connected,,,6,,,,,,,,,
        value, disconnecting,,,7,,,,,,,,,
        value, roh_no_tone,,,8,,,,,,,,,
        value, roh_with_tone,,,9,,,,,,,,,
        value, unknown,,,10,,,,,,,,,
    attribute, emergency_call_status,,1,, enum,,,,,, R, O,
        value, not_in_progress,,,0,,,,,,,,,
        value, in_progress,,,1,,,,,,,,,
me, voip_media_profile,142,,,,,,VoIP Line Status (9.9.11),,,,, CDSG
    attribute,fax_mode,,1,, enum, ,,,,, RWS, M,
        value, passthrough,,,0,,,,,,,,,
        value, t38,,,1,,,,,,,,,
    attribute,voice_service_prof_ptr,,2,, int, %u,,,,, RWS, M,
    attribute,codec_selection1,,1,, enum, ,,,,, RWS, M,
        value, pcmu,,,0,,,,,,,,,
        value, gsm,,,3,,,,,,,,,
        value, g723,,,4,,,,,,,,,
        value, dvi4_8khz,,,5,,,,,,,,,
        value, dvi4_16khz,,,6,,,,,,,,,
        value, lpc,,,7,,,,,,,,,
        value, pcma,,,8,,,,,,,,,
        value, g722,,,9,,,,,,,,,
        value, l16_2ch,,,10,,,,,,,,,
        value, l16_1ch,,,11,,,,,,,,,
        value, qcelp,,,12,,,,,,,,,
        value, cn,,,13,,,,,,,,,
        value, mpa,,,14,,,,,,,,,
        value, g728,,,15,,,,,,,,,
        value, dvi4_11khz,,,16,,,,,,,,,
        value, dvi4_22khz,,,17,,,,,,,,,
        value, g729,,,18,,,,,,,,,
    attribute,packet_period1,,1,, int, %u,,,,, RWS, M,
    attribute,silence_supression1,,1,, int, %u,,,,, RWS, M,
    attribute,codec_selection2,,1,, int, %u,,,,, RWS, M,
    attribute,packet_period2,,1,, int, %u,,,,, RWS, M,
    attribute,silence_supression2,,1,, int, %u,,,,, RWS, M,
    attribute,codec_selection3,,1,, int, %u,,,,, RWS, M,
    attribute,packet_period3,,1,, int, %u,,,,, RWS, M,
    attribute,silence_supression3,,1,, int, %u,,,,, RWS, M,
    attribute,codec_selection4,,1,, int, %u,,,,, RWS, M,
    attribute,packet_period4,,1,, int, %u,,,,, RWS, M,
    attribute,silence_supression4,,1,, int, %u,,,,, RWS, M,
    attribute,oob_dtmf,,1,, int, %u,,,,, RWS, M,
    attribute,rtp_profile_ptr,,2,, int, %u,,,,, RWS, M,
me, sip_user_data,153,,,,,,SIP User Data (9.9.2),,,,, CDSG
    attribute,sip_agent_ptr,,2,, int, %u,,,,, RWS, M,
    attribute,user_part_aor,,2,, int, %u,,,,, RWS, M,
    attribute,sip_display_name,,25,, bytes,,,,,, RW, M,
    attribute,username_password,,2,, int, %u,,,,, RWS, M,
    attribute,voicemail_server_uri,,2,, int, %u,,,,, RWS, M,
    attribute,voicemail_subscription_exp_time,,4,, int, %u,,,,, RWS, M,
    attribute,network_dial_plan_ptr,,2,, int, %u,,,,, RWS, M,
    attribute,app_service_prof_ptr,,2,, int, %u,,,,, RWS, M,
    attribute,feature_code_ptr,,2,, int, %u,,,,, RWS, M,
    attribute,pptp_ptr,,2,, int, %u,,,,, RWS, M,
    attribute,release_timer,,1,, int, %u,,,,, RWS, M,
    attribute,roh_timer,,1,, int, %u,,,,, RWS, M,
me, sip_agent_config_data,150,,,,,,SIP Agent Config Data (9.9.3),,,,, CDSG
    attribute,proxy_server_addr_ptr,,2,, int, %u,,,,, RWS, M,
    attribute,outbound_proxy_addr_ptr,,2,, int, %u,,,,, RWS, M,
    attribute,primary_sip_dns,,4,, int, %x,,,,, RWS, M,
    attribute,secondary_sip_dns,,4,, int, %x,,,,, RWS, M,
    attribute,tcp_udp_ptr,,2,, int, %u,,,,, RW, M,
    attribute,sip_reg_exp_time,,4,, int, %u,,,,, RW, M,
    attribute,sip_rereg_head_start_time,,4,, int, %u,,,,, RW, M,
    attribute,host_part_uri,,2,, int, %u,,,,, RWS, M,
    attribute,sip_status,,1,, enum, ,,,,, R, M,
        value, ok,,,0,,,,,,,,,
        value, connected,,,1,,,,,,,,,
        value, failed_icmp_error,,,2,,,,,,,,,
        value, failed_malformed_response,,,3,,,,,,,,,
        value, failed_inadequate_info_response,,,4,,,,,,,,,
        value, failed_timeout,,,5,,,,,,,,,
        value, redundant_offline,,,6,,,,,,,,,
    attribute,sip_registrar,,2,, int, %u,,,,, RWS, M,
    attribute,softswitch,,4,, int, %u,,,,, RWS, M,
    attribute,sip_response_table,,5,, struct,,,,,, RW, O,
        field, response_code,,2,, int, %u,,,,,,,
        field, tone,,1,, int, %u,,,,,,,
        field, text_message,,2,, int, %u,,,,,,,
    attribute,sip_transmit_control,,1,, enum,,,,,, RWS, O,
        value, enabled,,,1,,,,,,,,,
        value, disabled,,,0,,,,,,,,,
    attribute,sip_uri_format,,1,, enum,,,,,, RWS, O,
        value, tel_uri,,,0,,,,,,,,,
        value, sip_uri,,,1,,,,,,,,,
    attribute,redundant_sip_agent_ptr,,2,, int, %u,,,,, RW, O,
me, network_address,137,,,,,,Network Address (9.12.3),,,,, CDSG
    attribute,security_ptr,,2,, int, %u,,,,, RWS, M,
    attribute,address_ptr,,2,, int, %u,,,,, RWS, M,
me, large_string,157,,,,,,Large String (9.12.5),,,,, CDSG
    attribute,number_of_parts,,1,, int, %u,,,,, RW, M,
    attribute,part1,,25,, bytes,,,,,, RW, M,
    attribute,part2,,25,, bytes,,,,,, RW, M,
    attribute,part3,,25,, bytes,,,,,, RW, M,
    attribute,part4,,25,, bytes,,,,,, RW, M,
    attribute,part5,,25,, bytes,,,,,, RW, M,
    attribute,part6,,25,, bytes,,,,,, RW, M,
    attribute,part7,,25,, bytes,,,,,, RW, M,
    attribute,part8,,25,, bytes,,,,,, RW, M,
    attribute,part9,,25,, bytes,,,,,, RW, M,
    attribute,part10,,25,, bytes,,,,,, RW, M,
    attribute,part11,,25,, bytes,,,,,, RW, M,
    attribute,part12,,25,, bytes,,,,,, RW, M,
    attribute,part13,,25,, bytes,,,,,, RW, M,
    attribute,part14,,25,, bytes,,,,,, RW, M,
    attribute,part15,,25,, bytes,,,,,, RW, M,
me, authentication_security_method,148,,,,,,Authentication Security Method (9.12.4),,,,, CDSG
    attribute,validation_scheme,,1,, enum,,,,,, RW, M,
        value, disabled,,,0,,,,,,,,,
        value, md5,,,1,,,,,,,,,
        value, basic,,,3,,,,,,,,,
    attribute,username1,,25,, bytes,,,,,, RW, M,
    attribute,password,,25,, bytes,,,,,, RW, M,
    attribute,realm,,25,, bytes,,,,,, RW, M,
    attribute,username2,,25,, bytes,,,,,, RW, O,
me, voice_service_profile,58,,,,,,Voice Service Profile (9.9.6),,,,, CDSG
    attribute,announcement_type,,1,, enum,,,,,, RWS, M,
        value, silence,,,1,,,,,,,,,
        value, reorder_tone,,,2,,,,,,,,,
        value, fast_busy,,,3,,,,,,,,,
        value, voice_announcement,,,4,,,,,,,,,
        value, unspecified,,,255,,,,,,,,,
    attribute,jitter_target,,2,, int, %u,,,,, RWS, O,
    attribute,jitter_buffer_max,,2,, int, %u,,,,, RWS, O,
    attribute,echo_cancel,,1,, enum,,,,,, RWS, M,
        value, enabled,,,1,,,,,,,,,
        value, disabled,,,0,,,,,,,,,
    attribute,pstn_protocol_variant,,2,, int, %u,,,,, RWS, O,
    attribute,dtmf_digit_levels,,2,, int, %u,,,,, RWS, O,
    attribute,dtmf_digit_duration,,2,, int, %u,,,,, RWS, O,
    attribute,hook_flash_min_time,,2,, int, %u,,,,, RWS, O,
    attribute,hook_flash_max_time,,2,, int, %u,,,,, RWS, O,
    attribute,tone_pattern_table,,20,, struct,,,,,, RW, O,
        field, index,,1,, int, %u,,,,,,,
        field, tone_on,,1,, int, %u,,,,,,,
        field, frequency1,,2,, int, %u,,,,,,,
        field, power1,,1,, int, %u,,,,,,,
        field, frequency2,,2,, int, %u,,,,,,,
        field, power2,,1,, int, %u,,,,,,,
        field, frequency3,,2,, int, %u,,,,,,,
        field, power3,,1,, int, %u,,,,,,,
        field, frequency4,,2,, int, %u,,,,,,,
        field, power4,,1,, int, %u,,,,,,,
        field, modulation_frequency,,2,, int, %u,,,,,,,
        field, modulation_power,,1,, int, %u,,,,,,,
        field, duration,,2,, int, %u,,,,,,,
        field, next_entry,,1,, int, %u,,,,,,,
    attribute,tone_event_table,,7,, struct,,,,,, RW, O,
        field, event,,1,, int, %u,,,,,,,
        field, tone_pattern,,1,, int, %u,,,,,,,
        field, tone_file,,2,, int, %u,,,,,,,
        field, tone_file_repetitions,,1,, int, %u,,,,,,,
        field, reserved,,2,, int, %u,hidden,,,,,,
    attribute,ringing_pattern_table,,5,, struct,,,,,, RW, O,
        field, index,,1,, int, %u,,,,,,,
        field, ringing_on,,1,, int, %u,,,,,,,
        field, duration,,2,, int, %u,,,,,,,
        field, next_entry,,1,, int, %u,,,,,,,
    attribute,ringing_event_table,,7,, struct,,,,,, RW, O,
        field, event,,1,, int, %u,,,,,,,
        field, ringing_pattern,,1,, int, %u,,,,,,,
        field, ringing_file,,2,, int, %u,,,,,,,
        field, ringing_file_repetitions,,1,, int, %u,,,,,,,
        field, ringing_text,,2,, int, %u,,,,,,,
    attribute,network_specific_ext_ptr,,2,, int, %u,,,,, RWS, O,
me, voip_config_data,138,,,,,,VoIP config data (9.9.18),,,,,SG
    attribute,available_signalling_protocols,,1,, enum,,,,,, R, M,
        value, sip,,,1,,,,,,,,,
        value, h248,,,2,,,,,,,,,
        value, mgcp,,,3,,,,,,,,,
    attribute,signalling_protocol_used,,1,, enum,,,,,, RW, M,
        value, sip,,,1,,,,,,,,,
        value, h248,,,2,,,,,,,,,
        value, mgcp,,,3,,,,,,,,,
        value, non_omci,,,255,,,,,,,,,
    attribute,available_voip_config_methods,,4,, enum,,,,,, R, M,
        value, omci,,,1,,,,,,,,,
        value, config_file,,,2,,,,,,,,,
        value, tr069,,,3,,,,,,,,,
        value, sip,,,4,,,,,,,,,
    attribute,voip_config_method_used,,1,, enum,,,,,, RW, M,
        value, omci,,,1,,,,,,,,,
        value, config_file,,,2,,,,,,,,,
        value, tr069,,,3,,,,,,,,,
        value, sip,,,4,,,,,,,,,
    attribute,voice_config_ptr,,2,, int, %u,,,,, RW, M,
    attribute,voip_config_state,,1,, enum,,,,,, R, M,
        value, inactive,,,0,,,,,,,,,
        value, active,,,1,,,,,,,,,
        value, initializing,,,2,,,,,,,,,
        value, fault,,,3,,,,,,,,,
    attribute,retrieve_profile,,1,, int, %u,,,,, W, M,
    attribute,profile_version,,25,, bytes,,,,,, R, M,
me, voip_voice_ctp,139,,,,,,VoIP voice CTP (9.9.4),,,,, CDSG
    attribute,user_protocol_ptr,,2,, int, %u,,,,, RWS, M,
    attribute,pptp_ptr,,2,, int, %u,,,,, RWS, M,
    attribute,voice_media_profile_ptr,,2,, int, %u,,,,, RWS, M,
    attribute,signalling_code,,1,, enum,,,,,, RWS, M,
        value, loop_start,,,1,,,,,,,,,
        value, ground_start,,,2,,,,,,,,,
        value, loop_reverse_battery,,,3,,,,,,,,,
        value, coin_first,,,4,,,,,,,,,
        value, dial_tone_first,,,5,,,,,,,,,
        value, multi_party,,,6,,,,,,,,,
me, tcp_udp_config_data,136,,,,,,TCP/UDP config data (9.4.3),,,,, CDSG
    attribute,port_id,,2,, int, %u,,,,, RWS, M,
    attribute,protocol,,1,, int, %u,,,,, RWS, M,
    attribute,tos,,1,, int, %u,,,,, RWS, M,
    attribute,ip_host_ptr,,2,, int, %u,,,,, RWS, M,
me, network_dial_plan_table,145,,,,,,Network dial plan table (9.9.10),,,,, CDSGN
    attribute,dial_plan_number,,2,, int, %u,,,,, R, M,
    attribute,dial_plan_table_max_size,,2,, int, %u,,,,, RS, M,
    attribute,critical_dial_timeout,,2,, int, %u,,,,, RWS, M,
    attribute,partial_dial_timeout,,2,, int, %u,,,,, RWS, M,
    attribute,dial_plan_format,,1,, enum,,,,,, RWS, M,
        value, undefined,,,0,,,,,,,,,
        value, h248,,,1,,,,,,,,,
        value, mgcp,,,2,,,,,,,,,
        value, vendor,,,3,,,,,,,,,
    attribute,dial_plan_table,,30,, struct,,,Dial plan table,,, RW, M,
        field, dial_plan_id,,1,, int, %u,,,,,,,
        field, action,,1,, int, %u,,,,,,,
        field, dial_plan_token,,28,, bytes,,,,,,,,
me, rtp_profile_data,143,,,,,,RTP profile data (9.9.7),,,,, CDSG
    attribute,local_port_min,,2,, int, %u,,,,, RWS, M,
    attribute,local_port_max,,2,, int, %u,,,,, RWS, O,
    attribute,dscp_mark,,1,, int, %u,,,,, RWS, M,
    attribute,piggyback_events,,1,, int, %u,,,,, RWS, M,
    attribute,tone_events,,1,, int, %u,,,,, RWS, M,
    attribute,dtmf_events,,1,, int, %u,,,,, RWS, M,
    attribute,cas_events,,1,, int, %u,,,,, RWS, M,
    attribute,ip_host_config_ptr,,2,, int, %u,,,,, RW, O,
me, pots_uni,53,,,,,,Physical path termination point POTS UNI (9.9.1),,,,, SGT
    attribute,admin_state,,1,,enum,,,Admin state,,, RW, M,
        value, unlock,,,0,,,,,,,,,
        value, lock,,,1,,,,,,,,,
        value, shutdown,,,2,,,,,,,,,
    attribute,deprecated1,,2,, int, %u,hidden,,,, RW, O,
    attribute,arc,,1,, int, %u,,See A 1.4.3,,, RW, O,
    attribute,arc_interval,,1,, int, %u,,See A.1.4.3,,, RW, O,
    attribute,impedance,,1,, enum,,,,,, RW, O,
        value, 600_ohms,,,0,,,,,,,,,
        value, 900_ohms,,,1,,,,,,,,,
    attribute,transmission_path,,1,, int, %u,,,,, RW, O,
    attribute,rx_gain,,1,, int, %u,,,,, RW, O,
    attribute,tx_gain,,1,, int, %u,,,,, RW, O,
    attribute,oper_state,,1,, enum,,,,,, R, O,
        value, enabled,,,0,,,,,,,,,
        value, disabled,,,1,,,,,,,,,
    attribute,hook_state,,1,, enum,,,,,, R, O,
        value, on_hook,,,0,,,,,,,,,
        value, off_hook,,,1,,,,,,,,,
    attribute,holdover_time,,2,, int, %u,,,,, RW, O,
    attribute,nominal_feed_voltage,,1,, int, %u,,,,, RW, O,
me, circuit_pack,6,,,,,,Circuit pack (9.1.6),,,,,  CDSG
    attribute,type,,1,, int,%u,,Table 9.1.5-1,,, RS, M,
    attribute,number_of_ports,,1,, int, %u,,,,, R, O,
    attribute,serial_number,,8,, bytes,,,,,, R, M,
    attribute,version,,14,, bytes,,,,,, R, M,
    attribute,vendor_id,,4,, bytes,,,,,, R, O,
    attribute,admin_state,,1,, int, %u,,Admin state,,, RW, M,
    attribute,oper_state,,1,, enum,,,,,, R, O,
        value, enabled,,,0,,,,,,,,,
        value, disabled,,,1,,,,,,,,,
    attribute,bridged_or_ip,,1,, enum,,,,,, RW, O,
        value, bridged,,,0,,,,,,,,,
        value, routed,,,1,,,,,,,,,
        value, bridged_and_routed,,,2,,,,,,,,,
    attribute,equip_id,,20,, bytes,,,,,, R, O,
    attribute,card_config,,1,, enum,,,,,, RWS, M,
        value, ds1,,,0,,,,,,,,,
        value, e1,,,1,,,,,,,,,
        value, j1,,,2,,,,,,,,,
    attribute,tcont_buffer_number,,1,, int, %u,,,,, R, M,
    attribute,priority_queue_number,,1,, int, %u,,,,, R, M,
    attribute,traffic_sched_number,,1,, int, %u,,,,, R, M,
    attribute,power_shed_override,,4,, int, %u,,,,, RW, O,
me, enhanced_security_control,332,,,,,,Enhanced Security Control (9.13.11),,,,, SGN
    attribute,crypto_capabilities,,16,,bytes,,,,,, W, M,
    attribute,olt_random_challenge_table,,17,, struct,,,,,, RW, M,
        field, row_number,,1,, int, %u,,,,,,,
        field, content,,16,, bytes,,,,,,,,
    attribute,olt_challenge_status,,1,, int, %u,,,,, RW, M,
    attribute,onu_selected_crypto_capabilities,,1,, int, %u,,,,, R, M,
    attribute,onu_random_challenge_table,,16,, struct,,,,,, R, M,
        field, content,,16,, bytes,,,,,,,,
    attribute,onu_auth_result_table,,16,, struct,,,,,, R, M,
        field, content,,16,, bytes,,,,,,,,
    attribute,olt_auth_result_table,,17,, struct,,,,,, W, M,
        field, row_number,,1,, int, %u,,,,,,,
        field, content,,16,, bytes,,,,,,,,
    attribute,olt_result_status,,1,, int, %u,,,,, RW, M,
    attribute,onu_auth_status,,1,, int, %u,,,,, R, M,
    attribute,master_session_key_name,,16,, bytes,,,,,, R, M,
    attribute,broadcast_key_table,,18,, struct,,,,,, RW, O,
        field, row_control,,1,, enum,,,,,,,,
            value, set_row,,,0,,,,,,,,,
            value, clear_row,,,1,,,,,,,,,
            value, clear_table,,,2,,,,,,,,,
        field, row_number,,1,, int, %u,,,,,,,
        field, content,,16,, bytes,,,,,,,,
    attribute,effective_key_length,,2,, int, %u,,,,, R, O,
me, traffic_descriptor,280,,,,,,traffic descriptor profiles,,,,,CDSG
    attribute, cir,,4,, int, %u,,,,,RWS,O,
    attribute, pir,,4,, int, %u,,,,,RWS,O,
    attribute, cbs,,4,, int, %u,,,,,RWS,O,
    attribute, pbs,,4,, int, %u,,,,,RWS,O,
    attribute, colour_mode,,1,, enum,,, Color Mode,,,RWS,O,
        value, colur_blind,,,0,,,,,,,,,
        value, colur_aware,,,1,,,,,,,,,
    attribute, ing_color_marking,,1,, enum,,, Ing Color Marking,,,RWS,O,
        value, no_marking,,,0,,,,,,,,,
        value, dei,,,2,,,,,,,,,
        value, pcp_8p0d,,,3,,,,,,,,,
        value, pcp_7p1d,,,4,,,,,,,,,
        value, pcp_6p2d,,,5,,,,,,,,,
        value, pcp_5p3d,,,6,,,,,,,,,
        value, dscp_af_class,,,7,,,,,,,,,
    attribute, eg_color_marking,,1,, enum,,, Eg Color Marking,,,RWS,O,
        value, no_marking,,,0,,,,,,,,,
        value, internal_marking_only,,,1,,,,,,,,,
        value, dei,,,2,,,,,,,,,
        value, pcp_8p0d,,,3,,,,,,,,,
        value, pcp_7p1d,,,4,,,,,,,,,
        value, pcp_6p2d,,,5,,,,,,,,,
        value, pcp_5p3d,,,6,,,,,,,,,
        value, dscp_af_class,,,7,,,,,,,,,
    attribute, meter_type,,1,, enum,,,  Meter Type,,,RWS,O,
        value, not_specified,,,0,,,,,,,,,
        value, rfc_4115,,,1,,,,,,,,,
        value, rfc_2698,,,2,,,,,,,,,

me, eth_frame_extended_pm_64,425,,,,,,Ethernet Frame Extended PM,,,,, CDSG
    attribute,interval_end_time,,1,, int, %u,, Interval end time,,, R, M,
    attribute,control_block,,16,, struct,,, Control Block,,, RWS, M,
        field,threshold_data_id,,2,, int, %u,, Threshold data ID,,,,,
        field,parent_me_class,,2,, int, %u,, Parent ME class,,,,,
        field,parent_me_instance,,2,, int, %u,, Parent ME instance,,,,,
        field,accumulation_disbale,,2,, int, %u,, Accumulation disable,,,,,
        field,tca_disable,,2,, int, %u,, TCA disbale,,,,,
        field,control_fields,,2,, int, %u,, Control fields,,,,,
        field,tci,,2,, int, %u,, TCI,,,,,
        field,reserved,,2,, int, %u,, Reserved,,,,,
    attribute,drop_events,,8,, bytes,,, Drop events,,, R, M,
    attribute,octets,,8,, bytes,,, Octets,,, R, M,
    attribute,frames,,8,, bytes,,, Frames,,, R, M,
    attribute,broadcast_frames,,8,, bytes,,, Broadcast frames,,, R, M,
    attribute,multicast_frames,,8,, bytes,,, Multicast frames,,, R, M,
    attribute,crc_errored_frames,,8,, bytes,,, CRC errored frames,,, R, M,
    attribute,undersize_frames,,8,, bytes,,, Undersize frames,,, R, M,
    attribute,oversize_frames,,8,, bytes,,, Oversize frames,,, R, M,
    attribute,frames_64octets,,8,, bytes,,, Frames 64 octets,,, R, M,
    attribute,frames_65_to_127_octets,,8,, bytes,,, Frames 65 to 127 octests,,, R, M,
    attribute,frames_128_to_255_octets,,8,, bytes,,, Frames 128 to 255 octests,,, R, M,
    attribute,frames_256_to_511_octets,,8,, bytes,,, Frames 256 to 511 octests,,, R, M,
    attribute,frames_512_to_1023_octets,,8,, bytes,,, Frames 512 to 1023 octests,,, R, M,
    attribute,frames_1024_to_1518_octets,,8,, bytes,,, Frames 1024 to 1518 octests,,, R, M,


